{
  "method": "platt_logit",
  "a": 0.932094962564737,
  "b": 0.24737488916967543,
  "knots_x": [
    0.02,
    0.03,
    0.04,
    0.05,
    0.06,
    0.07,
    0.08,
    0.09,
    0.1,
    0.11,
    0.12,
    0.13,
    0.14,
    0.15,
    0.16,
    0.17,
    0.18,
    0.19,
    0.2,
    0.21,
    0.22,
    0.23,
    0.24,
    0.25,
    0.26,
    0.27,
    0.28,
    0.29,
    0.3,
    0.31,
    0.32,
    0.33,
    0.34,
    0.35,
    0.36,
    0.37,
    0.38,
    0.39,
    0.4,
    0.41,
    0.42,
    0.43,
    0.44,
    0.45,
    0.46,
    0.47,
    0.48,
    0.49,
    0.5,
    0.51,
    0.52,
    0.53,
    0.54,
    0.55,
    0.56,
    0.57,
    0.58,
    0.59,
    0.6,
    0.61,
    0.62,
    0.63,
    0.64,
    0.65,
    0.66,
    0.67,
    0.68,
    0.69,
    0.7,
    0.71,
    0.72,
    0.73,
    0.74,
    0.75,
    0.76,
    0.77,
    0.78,
    0.79,
    0.8,
    0.81,
    0.82,
    0.83,
    0.84,
    0.85,
    0.86,
    0.87,
    0.88,
    0.89,
    0.9,
    0.91,
    0.92,
    0.93,
    0.94,
    0.95,
    0.96,
    0.97,
    0.98
  ],
  "knots_y": [
    0.0329,
    0.0478,
    0.0621,
    0.0761,
    0.0897,
    0.1031,
    0.1162,
    0.1291,
    0.1418,
    0.1543,
    0.1666,
    0.1788,
    0.1908,
    0.2027,
    0.2145,
    0.2261,
    0.2376,
    0.249,
    0.2602,
    0.2714,
    0.2824,
    0.2934,
    0.3043,
    0.315,
    0.3257,
    0.3363,
    0.3468,
    0.3573,
    0.3676,
    0.3779,
    0.3881,
    0.3983,
    0.4083,
    0.4183,
    0.4283,
    0.4381,
    0.448,
    0.4577,
    0.4674,
    0.477,
    0.4866,
    0.4962,
    0.5056,
    0.5151,
    0.5245,
    0.5338,
    0.5431,
    0.5523,
    0.5615,
    0.5707,
    0.5798,
    0.5889,
    0.5979,
    0.6069,
    0.6159,
    0.6248,
    0.6337,
    0.6426,
    0.6514,
    0.6602,
    0.669,
    0.6778,
    0.6865,
    0.6952,
    0.7038,
    0.7125,
    0.7211,
    0.7297,
    0.7383,
    0.7469,
    0.7554,
    0.7639,
    0.7725,
    0.781,
    0.7895,
    0.798,
    0.8064,
    0.8149,
    0.8234,
    0.8319,
    0.8403,
    0.8488,
    0.8573,
    0.8658,
    0.8743,
    0.8828,
    0.8913,
    0.8999,
    0.9085,
    0.9171,
    0.9258,
    0.9345,
    0.9433,
    0.9522,
    0.9612,
    0.9703,
    0.9797
  ],
  "n_fit": 157,
  "brier_pre": 0.2402,
  "brier_post": 0.2364,
  "log_loss_pre": 0.6718,
  "log_loss_post": 0.6646
}